seq,target
CGCGCCTTGACATCGCATCTTTTTGTACCTATAATGTGTGGATAGAGTTCTAGAGAAAGAGTGGAACTACCATAATGAAAGAAGTTGTAATAGCTAGTGCAGTAAGAACAGCGATTGGATCTTATGGAAAGTCTCTTAAGGATGTACCAGCAGTAGATTTAGGAGCTACAGCTATAAAGGAAGCAGTTAAAAAAGCAGGAATAAAACCAGAGGATGTTAATGAAGTCATTTTAGGAAATGTTCTTCAA,11.976960778575053
CGCGCCTTGACAGCTAGCTCAGTCCTAGGTATAATGCTAGCACGAAATCTTAATCTAGCGGAGGAGACTTTCATAATGACGGACAAATTGACCTCCCTTCGTCAGTACACCACCGTAGTGGCCGACACTGGGGACATCGCGGCAATGAAGCTGTATCAACCGCAGGATGCCACAACCAACCCTTCTCTCATTCTTAACGCAGCGCAGATTCCGGAATACCGTAAGTTGATTGATGATGCTGTCGCCTG,11.948181603692644
CGCGCCTTGACATCGCATCTTTTTGTACCTATAATGTGTGGATAGAGTTCTAGAGAAAGAGTGGAACTACCATAATGACGGACAAATTGACCTCCCTTCGTCAGTACACCACCGTAGTGGCCGACACTGGGGACATCGCGGCAATGAAGCTGTATCAACCGCAGGATGCCACAACCAACCCTTCTCTCATTCTTAACGCAGCGCAGATTCCGGAATACCGTAAGTTGATTGATGATGCTGTCGCCTGG,10.34992532245366
CGCGCCTTGACAGCTAGCTCAGTCCTAGGTATAATGCTAGCACGAAATCTTAATCTAGCGGAGGAGACTTTCATAATGTCAGAACGTTTCCCAAATGACGTGGATCCGATCGAAACTCGCGACTGGCTCCAGGCGATCGAATCGGTCATCCGTGAAGAAGGTGTTGAGCGTGCTCAGTATCTGATCGACCAACTGCTTGCTGAAGCCCGCAAAGGCGGTGTAAACGTAGCCGCAGGCACAGGTATCAG,11.537141789568114
CGCGCCTTGACATCGCATCTTTTTGTACCTATAATGTGTGGATAGAGTTCTAGAGAAAGAGTGGAACTACCATAATGTCAGAACGTTTCCCAAATGACGTGGATCCGATCGAAACTCGCGACTGGCTCCAGGCGATCGAATCGGTCATCCGTGAAGAAGGTGTTGAGCGTGCTCAGTATCTGATCGACCAACTGCTTGCTGAAGCCCGCAAAGGCGGTGTAAACGTAGCCGCAGGCACAGGTATCAGC,11.614403201914431
AAAGCGCGGCAACTAAACGTAGAACCTGTCTTATTGAGCTTTCCGGCGAGAGTTCAATGGGACAGGTTCCAGAAAACTCAAATCTTAATCTAGCCTGGGATCGTTTCATAATGTCAGAACGTTTCCCAAATGACGTGGATCCGATCGAAACTCGCGACTGGCTCCAGGCGATCGAATCGGTCATCCGTGAAGAAGGTGTTGAGCGTGCTCAGTATCTGATCGACCAACTGCTTGCTGAAGCCCGCAAA,8.061321992921146
AAAGCGCGGCAACTAAACGTAGAACCTGTCTTATTGAGCTTTCCGGCGAGAGTTCAATGGGACAGGTTCCAGAAAACTCAAATCTTAATCTAGCGGGGGATTTTTTCATAATGTCAGAACGTTTCCCAAATGACGTGGATCCGATCGAAACTCGCGACTGGCTCCAGGCGATCGAATCGGTCATCCGTGAAGAAGGTGTTGAGCGTGCTCAGTATCTGATCGACCAACTGCTTGCTGAAGCCCGCAAA,8.208477722108146
AAAGCGCGGCAACTAAACGTAGAACCTGTCTTATTGAGCTTTCCGGCGAGAGTTCAATGGGACAGGTTCCAGAAAACTCAAAATCTCTTATATCAAATATAAGGAGGATCATAATGTCAGAACGTTTCCCAAATGACGTGGATCCGATCGAAACTCGCGACTGGCTCCAGGCGATCGAATCGGTCATCCGTGAAGAAGGTGTTGAGCGTGCTCAGTATCTGATCGACCAACTGCTTGCTGAAGCCCGC,8.469213884955563
AAAGCGCGGCAACTAAACGTAGAACCTGTCTTATTGAGCTTTCCGGCGAGAGTTCAATGGGACAGGTTCCAGAAAACTCAATCTAGAGAAAGAGAGGAGCCACCATAATGTCAGAACGTTTCCCAAATGACGTGGATCCGATCGAAACTCGCGACTGGCTCCAGGCGATCGAATCGGTCATCCGTGAAGAAGGTGTTGAGCGTGCTCAGTATCTGATCGACCAACTGCTTGCTGAAGCCCGCAAAGGC,8.328244178435996
AAAGCGCGGCAACTAAACGTAGAACCTGTCTTATTGAGCTTTCCGGCGAGAGTTCAATGGGACAGGTTCCAGAAAACTCAAATCTTAATCTAGCCCAGGAACGTTTCATAATGTCAGAACGTTTCCCAAATGACGTGGATCCGATCGAAACTCGCGACTGGCTCCAGGCGATCGAATCGGTCATCCGTGAAGAAGGTGTTGAGCGTGCTCAGTATCTGATCGACCAACTGCTTGCTGAAGCCCGCAAA,8.210492391998859
CGCGCCTTGACAGCTAGCTCAGTCCTAGGTATAATGCTAGCACGAAATCTTAATCTAGCGGAGGAGACTTTCATAATGAGTTTTGATATTGCCAAATACCCGACCCTGGCACTGGTCGACTCCACCCAGGAGTTACGACTGTTGCCGAAAGAGAGTTTACCGAAACTCTGCGACGAACTGCGCCGCTATTTACTCGACAGCGTGAGCCGTTCCAGCGGGCACTTCGCCTCCGGGCTGGGCACGGTCGA,12.571009781601044
CGCCTTTACAGCTAGCTCAGTCCTAGGGACTGTGCTAGCATCTTAATCTAGCGGAGGAGACTTTCATAATGAGTTTTGATATTGCCAAATACCCGACCCTGGCACTGGTCGACTCCACCCAGGAGTTACGACTGTTGCCGAAAGAGAGTTTACCGAAACTCTGCGACGAACTGCGCCGCTATTTACTCGACAGCGTGAGCCGTTCCAGCGGGCACTTCGCCTCCGGGCTGGGCACGGTCGAACTGACC,12.117886462865329
CGCGCCTTGACATCGCATCTTTTTGTACCTATAATGTGTGGATAGAGTTCTAGAGAAAGAGTGGAACTACCATAATGAGTTTTGATATTGCCAAATACCCGACCCTGGCACTGGTCGACTCCACCCAGGAGTTACGACTGTTGCCGAAAGAGAGTTTACCGAAACTCTGCGACGAACTGCGCCGCTATTTACTCGACAGCGTGAGCCGTTCCAGCGGGCACTTCGCCTCCGGGCTGGGCACGGTCGAA,10.651839552753236
CGCGCCTTGACAGCTAGCTCAGTCCTAGGTATAATGCTAGCACGAAATCTTAATCTAGCGGAGGAGACTTTCATAATGGCTGATACAAAAGCAAAACTCACCCTCAACGGGGATACAGCTGTTGAACTGGATGTGCTGAAAGGCACGCTGGGTCAAGATGTTATTGATATCCGTACTCTCGGTTCAAAAGGTGTGTTCACCTTTGACCCAGGCTTCACTTCAACCGCATCCTGCGAATCTAAAATTAC,11.741138404570387
CGCCTTTACAGCTAGCTCAGTCCTAGGGACTGTGCTAGCATCTTAATCTAGCGGAGGAGACTTTCATAATGGCTGATACAAAAGCAAAACTCACCCTCAACGGGGATACAGCTGTTGAACTGGATGTGCTGAAAGGCACGCTGGGTCAAGATGTTATTGATATCCGTACTCTCGGTTCAAAAGGTGTGTTCACCTTTGACCCAGGCTTCACTTCAACCGCATCCTGCGAATCTAAAATTACTTTTATT,9.55033866652777
CGCGCCTTGACATCGCATCTTTTTGTACCTATAATGTGTGGATAGAGTTCTAGAGAAAGAGTGGAACTACCATAATGGCTGATACAAAAGCAAAACTCACCCTCAACGGGGATACAGCTGTTGAACTGGATGTGCTGAAAGGCACGCTGGGTCAAGATGTTATTGATATCCGTACTCTCGGTTCAAAAGGTGTGTTCACCTTTGACCCAGGCTTCACTTCAACCGCATCCTGCGAATCTAAAATTACT,12.249301350079069
CGCGCCTTGACAGCTAGCTCAGTCCTAGGTATAATGCTAGCACGAAATCTTAATCTAGCGGAGGAGACTTTCATAATGAATTATCAGAACGACGATTTACGCATCAAAGAAATCAAAGAGTTACTTCCTCCTGTCGCATTGCTGGAAAAATTCCCCGCTACTGAAAATGCCGCGAATACGGTTGCCCATGCCCGAAAAGCGATCCATAAGATCCTGAAAGGTAATGATGATCGCCTGTTGGTTGTGAT,12.501356275329163
CGCCTTTACAGCTAGCTCAGTCCTAGGGACTGTGCTAGCATCTTAATCTAGCGGAGGAGACTTTCATAATGAATTATCAGAACGACGATTTACGCATCAAAGAAATCAAAGAGTTACTTCCTCCTGTCGCATTGCTGGAAAAATTCCCCGCTACTGAAAATGCCGCGAATACGGTTGCCCATGCCCGAAAAGCGATCCATAAGATCCTGAAAGGTAATGATGATCGCCTGTTGGTTGTGATTGGCCCA,8.657949293754449
CGCGCCTTGACATCGCATCTTTTTGTACCTATAATGTGTGGATAGAGTTCTAGAGAAAGAGTGGAACTACCATAATGAATTATCAGAACGACGATTTACGCATCAAAGAAATCAAAGAGTTACTTCCTCCTGTCGCATTGCTGGAAAAATTCCCCGCTACTGAAAATGCCGCGAATACGGTTGCCCATGCCCGAAAAGCGATCCATAAGATCCTGAAAGGTAATGATGATCGCCTGTTGGTTGTGATT,11.750223932102392
CGCGCCTTGACAGCTAGCTCAGTCCTAGGTATAATGCTAGCACGAAATCTTAATCTAGCGGAGGAGACTTTCATAATGGAAAGTAAAGTAGTTGTTCCGGCACAAGGCAAGAAGATCACCCTGCAAAACGGCAAACTCAACGTTCCTGAAAATCCGATTATCCCTTACATTGAAGGTGATGGAATCGGTGTAGATGTAACCCCAGCCATGCTGAAAGTGGTCGACGCTGCAGTCGAGAAAGCCTATAA,13.049832245816667
CGCCTTTACAGCTAGCTCAGTCCTAGGGACTGTGCTAGCATCTTAATCTAGCGGAGGAGACTTTCATAATGGAAAGTAAAGTAGTTGTTCCGGCACAAGGCAAGAAGATCACCCTGCAAAACGGCAAACTCAACGTTCCTGAAAATCCGATTATCCCTTACATTGAAGGTGATGGAATCGGTGTAGATGTAACCCCAGCCATGCTGAAAGTGGTCGACGCTGCAGTCGAGAAAGCCTATAAAGGCGAG,8.836119676923389
CGCGCCTTGACATCGCATCTTTTTGTACCTATAATGTGTGGATAGAGTTCTAGAGAAAGAGTGGAACTACCATAATGGAAAGTAAAGTAGTTGTTCCGGCACAAGGCAAGAAGATCACCCTGCAAAACGGCAAACTCAACGTTCCTGAAAATCCGATTATCCCTTACATTGAAGGTGATGGAATCGGTGTAGATGTAACCCCAGCCATGCTGAAAGTGGTCGACGCTGCAGTCGAGAAAGCCTATAAA,11.785226185778505
CGCGCCTTGACAGCTAGCTCAGTCCTAGGTATAATGCTAGCACGAAATCTTAATCTAGCGGAGGAGACTTTCATAGTGCCTGATATGAAGCTTTTTGCTGGTAACGCCACCCCGGAACTAGCACAACGTATTGCCAACCGCCTGTACACTTCACTCGGCGACGCCGCTGTAGGTCGCTTTAGCGATGGCGAAGTCAGCGTACAAATTAATGAAAATGTACGCGGTGGTGATATTTTCATCATCCAGTC,11.24385338773516
CGCCTTTACAGCTAGCTCAGTCCTAGGGACTGTGCTAGCATCTTAATCTAGCGGAGGAGACTTTCATAGTGCCTGATATGAAGCTTTTTGCTGGTAACGCCACCCCGGAACTAGCACAACGTATTGCCAACCGCCTGTACACTTCACTCGGCGACGCCGCTGTAGGTCGCTTTAGCGATGGCGAAGTCAGCGTACAAATTAATGAAAATGTACGCGGTGGTGATATTTTCATCATCCAGTCCACTTGT,8.090920005841662
CGCGCCTTGACATCGCATCTTTTTGTACCTATAATGTGTGGATAGAGTTCTAGAGAAAGAGTGGAACTACCATAGTGCCTGATATGAAGCTTTTTGCTGGTAACGCCACCCCGGAACTAGCACAACGTATTGCCAACCGCCTGTACACTTCACTCGGCGACGCCGCTGTAGGTCGCTTTAGCGATGGCGAAGTCAGCGTACAAATTAATGAAAATGTACGCGGTGGTGATATTTTCATCATCCAGTCC,10.774856000075081
CGCGCCTTGACAGCTAGCTCAGTCCTAGGTATAATGCTAGCACGAAATCTTAATCTAGCGGAGGAGACTTTCATAATGCGAATTGGCATACCAAGAGAACGGTTAACCAATGAAACCCGTGTTGCAGCAACGCCAAAAACAGTGGAACAGCTGCTGAAACTGGGTTTTACCGTCGCGGTAGAGAGCGGCGCGGGTCAACTGGCAAGTTTTGACGATAAAGCGTTTGTGCAAGCGGGCGCTGAAATTGT,13.034235628667213
CGCCTTTACAGCTAGCTCAGTCCTAGGGACTGTGCTAGCATCTTAATCTAGCGGAGGAGACTTTCATAATGCGAATTGGCATACCAAGAGAACGGTTAACCAATGAAACCCGTGTTGCAGCAACGCCAAAAACAGTGGAACAGCTGCTGAAACTGGGTTTTACCGTCGCGGTAGAGAGCGGCGCGGGTCAACTGGCAAGTTTTGACGATAAAGCGTTTGTGCAAGCGGGCGCTGAAATTGTAGAAGGG,9.256099136235946
CGCGCCTTGACATCGCATCTTTTTGTACCTATAATGTGTGGATAGAGTTCTAGAGAAAGAGTGGAACTACCATAATGCGAATTGGCATACCAAGAGAACGGTTAACCAATGAAACCCGTGTTGCAGCAACGCCAAAAACAGTGGAACAGCTGCTGAAACTGGGTTTTACCGTCGCGGTAGAGAGCGGCGCGGGTCAACTGGCAAGTTTTGACGATAAAGCGTTTGTGCAAGCGGGCGCTGAAATTGTA,10.261117071672949
CGCGCCTTGACAGCTAGCTCAGTCCTAGGTATAATGCTAGCACGAAATCTTAATCTAGCGGAGGAGACTTTCATAATGTCAAACAAACCCTTTCATTATCAGGCTCCTTTTCCACTCAAAAAAGATGATACTGAGTATTACCTGCTAACCAGCGAACACGTTAGCGTATCTGAATTTGAAGGGCAGGAGATTTTGAAAGTCGCACCCGAAGCGTTAACTCTGTTGGCGCGCCAGGCGTTTCATGATGC,11.168962904002708
CGCGCCTTGACATCGCATCTTTTTGTACCTATAATGTGTGGATAGAGTTCTAGAGAAAGAGTGGAACTACCATAATGTCAAACAAACCCTTTCATTATCAGGCTCCTTTTCCACTCAAAAAAGATGATACTGAGTATTACCTGCTAACCAGCGAACACGTTAGCGTATCTGAATTTGAAGGGCAGGAGATTTTGAAAGTCGCACCCGAAGCGTTAACTCTGTTGGCGCGCCAGGCGTTTCATGATGCG,9.312532891712062
CGCGCCTTGACAGCTAGCTCAGTCCTAGGTATAATGCTAGCACGAAATCTTAATCTAGCGGAGGAGACTTTCATAATGAAAAAGACCAAAATTGTTTGCACCATCGGACCGAAAACCGAATCTGAAGAGATGTTAGCTAAAATGCTGGACGCTGGCATGAACGTTATGCGTCTGAACTTCTCTCATGGTGACTATGCAGAACACGGTCAGCGCATTCAGAATCTGCGCAACGTGATGAGCAAAACTGG,13.034218365857422
CGCCTTTACAGCTAGCTCAGTCCTAGGGACTGTGCTAGCATCTTAATCTAGCGGAGGAGACTTTCATAATGAAAAAGACCAAAATTGTTTGCACCATCGGACCGAAAACCGAATCTGAAGAGATGTTAGCTAAAATGCTGGACGCTGGCATGAACGTTATGCGTCTGAACTTCTCTCATGGTGACTATGCAGAACACGGTCAGCGCATTCAGAATCTGCGCAACGTGATGAGCAAAACTGGTAAAACC,10.481612177757997
CGCGCCTTGACAGCTAGCTCAGTCCTAGGTATAATGCTAGCACGAAATCTTAATCTAGCGGAGGAGACTTTCATAATGTCCAACAATGGCTCGTCACCGCTGGTGCTTTGGTATAACCAACTCGGCATGAATGATGTAGACAGGGTTGGGGGCAAAAATGCCTCCCTGGGTGAAATGATTACTAATCTTTCCGGAATGGGTGTTTCCGTTCCGAATGGTTTCGCCACAACCGCCGACGCGTTTAACCA,10.69649866687473
CGCCTTTACAGCTAGCTCAGTCCTAGGGACTGTGCTAGCATCTTAATCTAGCGGAGGAGACTTTCATAATGTCCAACAATGGCTCGTCACCGCTGGTGCTTTGGTATAACCAACTCGGCATGAATGATGTAGACAGGGTTGGGGGCAAAAATGCCTCCCTGGGTGAAATGATTACTAATCTTTCCGGAATGGGTGTTTCCGTTCCGAATGGTTTCGCCACAACCGCCGACGCGTTTAACCAGTTTCTG,7.9151895000537955
CGCGCCTTGACATCGCATCTTTTTGTACCTATAATGTGTGGATAGAGTTCTAGAGAAAGAGTGGAACTACCATAATGTCCAACAATGGCTCGTCACCGCTGGTGCTTTGGTATAACCAACTCGGCATGAATGATGTAGACAGGGTTGGGGGCAAAAATGCCTCCCTGGGTGAAATGATTACTAATCTTTCCGGAATGGGTGTTTCCGTTCCGAATGGTTTCGCCACAACCGCCGACGCGTTTAACCAG,9.793905122822665
CGCGCCTTGACAGCTAGCTCAGTCCTAGGTATAATGCTAGCACGAAATCTTAATCTAGCGGAGGAGACTTTCATAATGGATCAGACATATTCTCTGGAGTCATTCCTCAACCATGTCCAAAAGCGCGACCCGAATCAAACCGAGTTCGCGCAAGCCGTTCGTGAAGTAATGACCACACTCTGGCCTTTTCTTGAACAAAATCCAAAATATCGCCAGATGTCATTACTGGAGCGTCTGGTTGAACCGGA,11.595827665471413
CGCCTTTACAGCTAGCTCAGTCCTAGGGACTGTGCTAGCATCTTAATCTAGCGGAGGAGACTTTCATAATGGATCAGACATATTCTCTGGAGTCATTCCTCAACCATGTCCAAAAGCGCGACCCGAATCAAACCGAGTTCGCGCAAGCCGTTCGTGAAGTAATGACCACACTCTGGCCTTTTCTTGAACAAAATCCAAAATATCGCCAGATGTCATTACTGGAGCGTCTGGTTGAACCGGAGCGCGTG,8.056229391567085
CGCGCCTTGACATCGCATCTTTTTGTACCTATAATGTGTGGATAGAGTTCTAGAGAAAGAGTGGAACTACCATAATGGATCAGACATATTCTCTGGAGTCATTCCTCAACCATGTCCAAAAGCGCGACCCGAATCAAACCGAGTTCGCGCAAGCCGTTCGTGAAGTAATGACCACACTCTGGCCTTTTCTTGAACAAAATCCAAAATATCGCCAGATGTCATTACTGGAGCGTCTGGTTGAACCGGAG,8.971932935905519
CGCGCCTTGACAGCTAGCTCAGTCCTAGGTATAATGCTAGCACGAAATCTTAATCTAGCGGAGGAGACTTTCATAATGACTATCAAAGTAGGTATCAACGGTTTTGGCCGTATCGGTCGCATTGTTTTCCGTGCTGCTCAGAAACGTTCTGACATCGAGATCGTTGCAATCAACGACCTGTTAGACGCTGATTACATGGCATACATGCTGAAATATGACTCCACTCACGGCCGTTTCGACGGTACCGT,11.659563929311108
CGCCTTTACAGCTAGCTCAGTCCTAGGGACTGTGCTAGCATCTTAATCTAGCGGAGGAGACTTTCATAATGACTATCAAAGTAGGTATCAACGGTTTTGGCCGTATCGGTCGCATTGTTTTCCGTGCTGCTCAGAAACGTTCTGACATCGAGATCGTTGCAATCAACGACCTGTTAGACGCTGATTACATGGCATACATGCTGAAATATGACTCCACTCACGGCCGTTTCGACGGTACCGTTGAAGTG,9.92001928774311
CGCGCCTTGACATCGCATCTTTTTGTACCTATAATGTGTGGATAGAGTTCTAGAGAAAGAGTGGAACTACCATAATGACTATCAAAGTAGGTATCAACGGTTTTGGCCGTATCGGTCGCATTGTTTTCCGTGCTGCTCAGAAACGTTCTGACATCGAGATCGTTGCAATCAACGACCTGTTAGACGCTGATTACATGGCATACATGCTGAAATATGACTCCACTCACGGCCGTTTCGACGGTACCGTT,10.888137946168944
CGCGCCTTGACAGCTAGCTCAGTCCTAGGTATAATGCTAGCACGAAATCTTAATCTAGCGGAGGAGACTTTCATAATGGCGGTAACGCAAACAGCCCAGGCCTGTGACCTGGTCATTTTCGGCGCGAAAGGCGACCTTGCGCGTCGTAAATTGCTGCCTTCCCTGTATCAACTGGAAAAAGCCGGTCAGCTCAACCCGGACACCCGGATTATCGGCGTAGGGCGTGCTGACTGGGATAAAGCGGCATA,9.8680988707501
CGCGCCTTGACATCGCATCTTTTTGTACCTATAATGTGTGGATAGAGTTCTAGAGAAAGAGTGGAACTACCATAATGGCGGTAACGCAAACAGCCCAGGCCTGTGACCTGGTCATTTTCGGCGCGAAAGGCGACCTTGCGCGTCGTAAATTGCTGCCTTCCCTGTATCAACTGGAAAAAGCCGGTCAGCTCAACCCGGACACCCGGATTATCGGCGTAGGGCGTGCTGACTGGGATAAAGCGGCATAT,9.57347463440734
CGCGCCTTGACAGCTAGCTCAGTCCTAGGTATAATGCTAGCACGAAATCTTAATCTAGCGGAGGAGACTTTCATAATGTCCAGAAGGCTTCGCAGAACAAAAATCGTTACCACGTTAGGCCCAGCAACAGATCGCGATAATAATCTTGAAAAAGTTATCGCGGCGGGTGCCAACGTTGTACGTATGAACTTTTCTCACGGCTCGCCTGAAGATCACAAAATGCGCGCGGATAAAGTTCGTGAGATTGC,11.295116299269635
CGCCTTTACAGCTAGCTCAGTCCTAGGGACTGTGCTAGCATCTTAATCTAGCGGAGGAGACTTTCATAATGTCCAGAAGGCTTCGCAGAACAAAAATCGTTACCACGTTAGGCCCAGCAACAGATCGCGATAATAATCTTGAAAAAGTTATCGCGGCGGGTGCCAACGTTGTACGTATGAACTTTTCTCACGGCTCGCCTGAAGATCACAAAATGCGCGCGGATAAAGTTCGTGAGATTGCCGCAAAA,8.318988571570513
CGCGCCTTGACATCGCATCTTTTTGTACCTATAATGTGTGGATAGAGTTCTAGAGAAAGAGTGGAACTACCATAATGTCCAGAAGGCTTCGCAGAACAAAAATCGTTACCACGTTAGGCCCAGCAACAGATCGCGATAATAATCTTGAAAAAGTTATCGCGGCGGGTGCCAACGTTGTACGTATGAACTTTTCTCACGGCTCGCCTGAAGATCACAAAATGCGCGCGGATAAAGTTCGTGAGATTGCC,10.984072394069665
CGCCTTTACAGCTAGCTCAGTCCTAGGGACTGTGCTAGCATCTTAATCTAGCGGAGGAGACTTTCATACAAACTCTTTCACCGTATAGTAAGGAACCAGTTTCTTGCCTGGATTTTCGGCAATCACTTCTTCCGTCTTCTCACGGGAACGGTTGAAAATAGAGACGGTATAACCACGGCTTTCGATGTTGAGCGCAAGGTTGCGTCCCATCACTGCCATACCGACTACGCCGATCTGTTGCTTGGACA,8.848738713775004
CGCGCCTTGACAGCTAGCTCAGTCCTAGGTATAATGCTAGCACGAAATCTTAATCTAGCGGAGGAGACTTTCATAATGTCGAGTAAGTTAGTACTGGTTCTGAACTGCGGTAGTTCTTCACTGAAATTTGCCATCATCGATGCAGTAAATGGTGAAGAGTACCTTTCTGGTTTAGCCGAATGTTTCCACCTGCCCGAAGCACGTATCAAATGGAAAATGGACGGCAATAAACAGGAAGCGGCTTTAGG,9.81582438194792
CGCCTTTACAGCTAGCTCAGTCCTAGGGACTGTGCTAGCATCTTAATCTAGCGGAGGAGACTTTCATAATGTCGAGTAAGTTAGTACTGGTTCTGAACTGCGGTAGTTCTTCACTGAAATTTGCCATCATCGATGCAGTAAATGGTGAAGAGTACCTTTCTGGTTTAGCCGAATGTTTCCACCTGCCCGAAGCACGTATCAAATGGAAAATGGACGGCAATAAACAGGAAGCGGCTTTAGGTGCAGGC,9.02624421073635
CGCGCCTTGACATCGCATCTTTTTGTACCTATAATGTGTGGATAGAGTTCTAGAGAAAGAGTGGAACTACCATAATGTCGAGTAAGTTAGTACTGGTTCTGAACTGCGGTAGTTCTTCACTGAAATTTGCCATCATCGATGCAGTAAATGGTGAAGAGTACCTTTCTGGTTTAGCCGAATGTTTCCACCTGCCCGAAGCACGTATCAAATGGAAAATGGACGGCAATAAACAGGAAGCGGCTTTAGGT,8.865668070023027
CGCGCCTTGACAGCTAGCTCAGTCCTAGGTATAATGCTAGCACGAAATCTTAATCTAGCGGAGGAGACTTTCATAATGACAAAGTATGCATTAGTCGGTGATGTGGGCGGCACCAACGCACGTCTTGCTCTGTGTGATATTGCCAGTGGTGAAATCTCGCAGGCTAAGACCTATTCAGGGCTTGATTACCCCAGCCTCGAAGCGGTCATTCGCGTTTATCTTGAAGAACATAAGGTCGAGGTGAAAGA,12.306612362890036
CGCCTTTACAGCTAGCTCAGTCCTAGGGACTGTGCTAGCATCTTAATCTAGCGGAGGAGACTTTCATAATGACAAAGTATGCATTAGTCGGTGATGTGGGCGGCACCAACGCACGTCTTGCTCTGTGTGATATTGCCAGTGGTGAAATCTCGCAGGCTAAGACCTATTCAGGGCTTGATTACCCCAGCCTCGAAGCGGTCATTCGCGTTTATCTTGAAGAACATAAGGTCGAGGTGAAAGACGGCTGT,9.006042037305187
CGCGCCTTGACATCGCATCTTTTTGTACCTATAATGTGTGGATAGAGTTCTAGAGAAAGAGTGGAACTACCATAATGACAAAGTATGCATTAGTCGGTGATGTGGGCGGCACCAACGCACGTCTTGCTCTGTGTGATATTGCCAGTGGTGAAATCTCGCAGGCTAAGACCTATTCAGGGCTTGATTACCCCAGCCTCGAAGCGGTCATTCGCGTTTATCTTGAAGAACATAAGGTCGAGGTGAAAGAC,11.514011548734345
CGCGCCTTGACAGCTAGCTCAGTCCTAGGTATAATGCTAGCACGAAATCTTAATCTAGCGGAGGAGACTTTCATAATGACAAAGTATGCATTAGTCGGTGATGTGGGCGGCACCAACGCACGTCTTGCTCTGTGTGATATTGCCAGTGGTGAAATCTCGCAGGCTAAGACCTATTCAGGGCTTGATTACCCCAGCCTCGAAGCGGTCATTCGCGTTTATCTTGAAGAACATAAGGTCGAGGTGAAAGA,9.529398618010116
CGCCTTTACAGCTAGCTCAGTCCTAGGGACTGTGCTAGCATCTTAATCTAGCGGAGGAGACTTTCATAATGGCAAAGGTATCGCTGGAGAAAGACAAGATTAAGTTTCTGCTGGTAGAAGGCGTGCACCAAAAGGCGCTGGAAAGCCTTCGTGCAGCTGGTTACACCAACATCGAATTTCACAAAGGCGCGCTGGATGATGAACAATTAAAAGAATCCATCCGCGATGCCCACTTCATCGGCCTGCGA,9.279492290532698
CGCGCCTTGACATCGCATCTTTTTGTACCTATAATGTGTGGATAGAGTTCTAGAGAAAGAGTGGAACTACCATAATGGCAAAGGTATCGCTGGAGAAAGACAAGATTAAGTTTCTGCTGGTAGAAGGCGTGCACCAAAAGGCGCTGGAAAGCCTTCGTGCAGCTGGTTACACCAACATCGAATTTCACAAAGGCGCGCTGGATGATGAACAATTAAAAGAATCCATCCGCGATGCCCACTTCATCGGC,11.595391239951358
CGCGCCTTGACAGCTAGCTCAGTCCTAGGTATAATGCTAGCACGAAATCTTAATCTAGCGGAGGAGACTTTCATAATGACGCAGGATGAATTGAAAAAAGCAGTAGGATGGGCGGCACTTCAGTATGTTCAGCCCGGCACCATTGTTGGTGTAGGTACAGGTTCCACCGCCGCACACTTTATTGACGCGCTCGGTACAATGAAAGGCCAGATTGAAGGGGCCGTTTCCAGTTCAGATGCTTCCACTGA,13.053112877805535
CGCCTTTACAGCTAGCTCAGTCCTAGGGACTGTGCTAGCATCTTAATCTAGCGGAGGAGACTTTCATAATGACGCAGGATGAATTGAAAAAAGCAGTAGGATGGGCGGCACTTCAGTATGTTCAGCCCGGCACCATTGTTGGTGTAGGTACAGGTTCCACCGCCGCACACTTTATTGACGCGCTCGGTACAATGAAAGGCCAGATTGAAGGGGCCGTTTCCAGTTCAGATGCTTCCACTGAAAAACTG,9.306855157905511
CGCGCCTTGACATCGCATCTTTTTGTACCTATAATGTGTGGATAGAGTTCTAGAGAAAGAGTGGAACTACCATAATGACGCAGGATGAATTGAAAAAAGCAGTAGGATGGGCGGCACTTCAGTATGTTCAGCCCGGCACCATTGTTGGTGTAGGTACAGGTTCCACCGCCGCACACTTTATTGACGCGCTCGGTACAATGAAAGGCCAGATTGAAGGGGCCGTTTCCAGTTCAGATGCTTCCACTGAA,11.208656092804208
CGCGCCTTGACAGCTAGCTCAGTCCTAGGTATAATGCTAGCACGAAATCTTAATCTAGCGGAGGAGACTTTCATAATGTCCTCACGTAAAGAGCTTGCCAATGCTATTCGTGCGCTGAGCATGGACGCAGTACAGAAAGCCAAATCCGGTCACCCGGGTGCCCCTATGGGTATGGCTGACATTGCCGAAGTCCTGTGGCGTGATTTCCTGAAACACAACCCGCAGAATCCGTCCTGGGCTGACCGTGA,11.577456650760586
CGCCTTTACAGCTAGCTCAGTCCTAGGGACTGTGCTAGCATCTTAATCTAGCGGAGGAGACTTTCATAATGTCCTCACGTAAAGAGCTTGCCAATGCTATTCGTGCGCTGAGCATGGACGCAGTACAGAAAGCCAAATCCGGTCACCCGGGTGCCCCTATGGGTATGGCTGACATTGCCGAAGTCCTGTGGCGTGATTTCCTGAAACACAACCCGCAGAATCCGTCCTGGGCTGACCGTGACCGCTTC,8.303518140322769
CGCGCCTTGACATCGCATCTTTTTGTACCTATAATGTGTGGATAGAGTTCTAGAGAAAGAGTGGAACTACCATAATGTCCTCACGTAAAGAGCTTGCCAATGCTATTCGTGCGCTGAGCATGGACGCAGTACAGAAAGCCAAATCCGGTCACCCGGGTGCCCCTATGGGTATGGCTGACATTGCCGAAGTCCTGTGGCGTGATTTCCTGAAACACAACCCGCAGAATCCGTCCTGGGCTGACCGTGAC,10.573336630351278
CGCGCCTTGACAGCTAGCTCAGTCCTAGGTATAATGCTAGCACGAAATCTTAATCTAGCGGAGGAGACTTTCATAATGCCTGACGCTAAAAAACAGGGGCGGTCAAACAAGGCAATGACGTTTTTCGTCTGCTTCCTTGCCGCTCTGGCGGGATTACTCTTTGGCCTGGATATCGGTGTAATTGCTGGCGCACTGCCGTTTATTGCAGATGAATTCCAGATTACTTCGCACACGCAAGAATGGGTCGT,8.865516362313418
CGCCTTTACAGCTAGCTCAGTCCTAGGGACTGTGCTAGCATCTTAATCTAGCGGAGGAGACTTTCATAATGCCTGACGCTAAAAAACAGGGGCGGTCAAACAAGGCAATGACGTTTTTCGTCTGCTTCCTTGCCGCTCTGGCGGGATTACTCTTTGGCCTGGATATCGGTGTAATTGCTGGCGCACTGCCGTTTATTGCAGATGAATTCCAGATTACTTCGCACACGCAAGAATGGGTCGTAAGCTCC,8.009914556818835
CGCGCCTTGACATCGCATCTTTTTGTACCTATAATGTGTGGATAGAGTTCTAGAGAAAGAGTGGAACTACCATAATGCCTGACGCTAAAAAACAGGGGCGGTCAAACAAGGCAATGACGTTTTTCGTCTGCTTCCTTGCCGCTCTGGCGGGATTACTCTTTGGCCTGGATATCGGTGTAATTGCTGGCGCACTGCCGTTTATTGCAGATGAATTCCAGATTACTTCGCACACGCAAGAATGGGTCGTA,8.748690645911386
CGCGCCTTGACAGCTAGCTCAGTCCTAGGTATAATGCTAGCACGAAATCTTAATCTAGCGGAGGAGACTTTCATAATGACAGACCTTTCACACAGCAGGGAAAAGGACAAAATCAATCCGGTGGTGTTTTACACCTCCGCCGGACTGATTTTGTTGTTTTCCCTGACAACGATCCTGTTTCGCGACTTCTCGGCCCTGTGGATTGGCCGCACGCTGGACTGGGTTTCTAAAACCTTCGGTTGGTACTA,9.171803407961171
CGCCTTTACAGCTAGCTCAGTCCTAGGGACTGTGCTAGCATCTTAATCTAGCGGAGGAGACTTTCATAATGACAGACCTTTCACACAGCAGGGAAAAGGACAAAATCAATCCGGTGGTGTTTTACACCTCCGCCGGACTGATTTTGTTGTTTTCCCTGACAACGATCCTGTTTCGCGACTTCTCGGCCCTGTGGATTGGCCGCACGCTGGACTGGGTTTCTAAAACCTTCGGTTGGTACTATCTGCTG,8.672887156106157
CGCGCCTTGACATCGCATCTTTTTGTACCTATAATGTGTGGATAGAGTTCTAGAGAAAGAGTGGAACTACCATAATGACAGACCTTTCACACAGCAGGGAAAAGGACAAAATCAATCCGGTGGTGTTTTACACCTCCGCCGGACTGATTTTGTTGTTTTCCCTGACAACGATCCTGTTTCGCGACTTCTCGGCCCTGTGGATTGGCCGCACGCTGGACTGGGTTTCTAAAACCTTCGGTTGGTACTAT,10.951691127126805
CGCGCCTTGACAGCTAGCTCAGTCCTAGGTATAATGCTAGCACGAAATCTTAATCTAGCGGAGGAGACTTTCATAATGGAACCAAAAACAAAAAAACAGCGTTCGCTTTATATCCCTTACGCTGGCCCTGTACTGCTGGAATTTCCGTTGTTGAATAAAGGCAGTGCCTTCAGCATGGAAGAACGCCGTAACTTCAACCTGCTGGGGTTACTGCCGGAAGTGGTCGAAACCATCGAAGAACAAGCGGA,9.039717079234194
CGCCTTTACAGCTAGCTCAGTCCTAGGGACTGTGCTAGCATCTTAATCTAGCGGAGGAGACTTTCATAATGGAACCAAAAACAAAAAAACAGCGTTCGCTTTATATCCCTTACGCTGGCCCTGTACTGCTGGAATTTCCGTTGTTGAATAAAGGCAGTGCCTTCAGCATGGAAGAACGCCGTAACTTCAACCTGCTGGGGTTACTGCCGGAAGTGGTCGAAACCATCGAAGAACAAGCGGAACGAGCA,8.935093911399322
CGCGCCTTGACATCGCATCTTTTTGTACCTATAATGTGTGGATAGAGTTCTAGAGAAAGAGTGGAACTACCATAATGGAACCAAAAACAAAAAAACAGCGTTCGCTTTATATCCCTTACGCTGGCCCTGTACTGCTGGAATTTCCGTTGTTGAATAAAGGCAGTGCCTTCAGCATGGAAGAACGCCGTAACTTCAACCTGCTGGGGTTACTGCCGGAAGTGGTCGAAACCATCGAAGAACAAGCGGAA,9.189103666326275
CGCGCCTTGACAGCTAGCTCAGTCCTAGGTATAATGCTAGCACGAAATCTTAATCTAGCGGAGGAGACTTTCATAATGAAACAGTATTTGATTGCCCCCTCAATTCTGTCGGCTGATTTTGCCCGCCTGGGTGAAGATACCGCAAAAGCCCTGGCAGCTGGCGCTGATGTCGTGCATTTTGACGTCATGGATAACCACTATGTTCCCAATCTGACGATTGGGCCAATGGTGCTGAAATCCTTGCGTAA,10.69609072746728
CGCCTTTACAGCTAGCTCAGTCCTAGGGACTGTGCTAGCATCTTAATCTAGCGGAGGAGACTTTCATAATGAAACAGTATTTGATTGCCCCCTCAATTCTGTCGGCTGATTTTGCCCGCCTGGGTGAAGATACCGCAAAAGCCCTGGCAGCTGGCGCTGATGTCGTGCATTTTGACGTCATGGATAACCACTATGTTCCCAATCTGACGATTGGGCCAATGGTGCTGAAATCCTTGCGTAACTATGGC,8.823918686423553
CGCGCCTTGACATCGCATCTTTTTGTACCTATAATGTGTGGATAGAGTTCTAGAGAAAGAGTGGAACTACCATAATGAAACAGTATTTGATTGCCCCCTCAATTCTGTCGGCTGATTTTGCCCGCCTGGGTGAAGATACCGCAAAAGCCCTGGCAGCTGGCGCTGATGTCGTGCATTTTGACGTCATGGATAACCACTATGTTCCCAATCTGACGATTGGGCCAATGGTGCTGAAATCCTTGCGTAAC,11.435130072427391
CGCGCCTTGACAGCTAGCTCAGTCCTAGGTATAATGCTAGCACGAAATCTTAATCTAGCGGAGGAGACTTTCATAATGCGCGTTAACAATGGTTTGACCCCGCAAGAACTCGAGGCTTATGGTATCAGTGACGTACATGATATCGTTTACAACCCAAGCTACGACCTGCTGTATCAGGAAGAGCTCGATCCGAGCCTGACAGGTTATGAGCGCGGGGTGTTAACTAATCTGGGTGCCGTTGCCGTCGA,11.465502025238841
CGCCTTTACAGCTAGCTCAGTCCTAGGGACTGTGCTAGCATCTTAATCTAGCGGAGGAGACTTTCATAATGCGCGTTAACAATGGTTTGACCCCGCAAGAACTCGAGGCTTATGGTATCAGTGACGTACATGATATCGTTTACAACCCAAGCTACGACCTGCTGTATCAGGAAGAGCTCGATCCGAGCCTGACAGGTTATGAGCGCGGGGTGTTAACTAATCTGGGTGCCGTTGCCGTCGATACCGGG,8.657046086342781
CGCGCCTTGACATCGCATCTTTTTGTACCTATAATGTGTGGATAGAGTTCTAGAGAAAGAGTGGAACTACCATAATGCGCGTTAACAATGGTTTGACCCCGCAAGAACTCGAGGCTTATGGTATCAGTGACGTACATGATATCGTTTACAACCCAAGCTACGACCTGCTGTATCAGGAAGAGCTCGATCCGAGCCTGACAGGTTATGAGCGCGGGGTGTTAACTAATCTGGGTGCCGTTGCCGTCGAT,8.627900792063981
CGCGCCTTGACAGCTAGCTCAGTCCTAGGTATAATGCTAGCACGAAATCTTAATCTAGCGGAGGAGACTTTCATAATGTTGGTTTCTAAAAAACCTATGGTACTGGTGATTCTGGATGGCTATGGCTATCGCGAAGAACAGCAGGATAACGCCATTTTTAGTGCTAAAACCCCGGTAATGGATGCACTGTGGGCCAATCGTCCGCATACCCTAATCGACGCTTCCGGTCTGGAAGTCGGTCTGCCTGA,12.291944676598835
CGCCTTTACAGCTAGCTCAGTCCTAGGGACTGTGCTAGCATCTTAATCTAGCGGAGGAGACTTTCATAATGTTGGTTTCTAAAAAACCTATGGTACTGGTGATTCTGGATGGCTATGGCTATCGCGAAGAACAGCAGGATAACGCCATTTTTAGTGCTAAAACCCCGGTAATGGATGCACTGTGGGCCAATCGTCCGCATACCCTAATCGACGCTTCCGGTCTGGAAGTCGGTCTGCCTGACCGTCAG,8.91032904880832
CGCGCCTTGACATCGCATCTTTTTGTACCTATAATGTGTGGATAGAGTTCTAGAGAAAGAGTGGAACTACCATAATGTTGGTTTCTAAAAAACCTATGGTACTGGTGATTCTGGATGGCTATGGCTATCGCGAAGAACAGCAGGATAACGCCATTTTTAGTGCTAAAACCCCGGTAATGGATGCACTGTGGGCCAATCGTCCGCATACCCTAATCGACGCTTCCGGTCTGGAAGTCGGTCTGCCTGAC,9.780423908007519
CGCGCCTTGACAGCTAGCTCAGTCCTAGGTATAATGCTAGCACGAAATCTTAATCTAGCGGAGGAGACTTTCATAATGTCCGCTGAACACGTACTGACGATGCTGAACGAGCACGAAGTGAAGTTTGTTGATTTGCGCTTCACCGATACTAAAGGTAAAGAACAGCACGTCACTATCCCTGCTCATCAGGTGAATGCTGAATTCTTCGAAGAAGGCAAAATGTTTGACGGCTCCTCGATTGGCGGCTG,10.770562677574999
CGCCTTTACAGCTAGCTCAGTCCTAGGGACTGTGCTAGCATCTTAATCTAGCGGAGGAGACTTTCATAATGTCCGCTGAACACGTACTGACGATGCTGAACGAGCACGAAGTGAAGTTTGTTGATTTGCGCTTCACCGATACTAAAGGTAAAGAACAGCACGTCACTATCCCTGCTCATCAGGTGAATGCTGAATTCTTCGAAGAAGGCAAAATGTTTGACGGCTCCTCGATTGGCGGCTGGAAAGGC,8.500885555704764
CGCGCCTTGACATCGCATCTTTTTGTACCTATAATGTGTGGATAGAGTTCTAGAGAAAGAGTGGAACTACCATAATGTCCGCTGAACACGTACTGACGATGCTGAACGAGCACGAAGTGAAGTTTGTTGATTTGCGCTTCACCGATACTAAAGGTAAAGAACAGCACGTCACTATCCCTGCTCATCAGGTGAATGCTGAATTCTTCGAAGAAGGCAAAATGTTTGACGGCTCCTCGATTGGCGGCTGG,9.529165706006383
CGCGCCTTGACAGCTAGCTCAGTCCTAGGTATAATGCTAGCACGAAATCTTAATCTAGCGGAGGAGACTTTCATAATGATTAAGAAAATCGGTGTGTTGACAAGCGGCGGTGATGCGCCAGGCATGAACGCCGCAATTCGCGGGGTTGTTCGTTCTGCGCTGACAGAAGGTCTGGAAGTAATGGGTATTTATGACGGCTATCTGGGTCTGTATGAAGACCGTATGGTACAGCTAGACCGTTACAGCGT,12.587557458477153
CGCCTTTACAGCTAGCTCAGTCCTAGGGACTGTGCTAGCATCTTAATCTAGCGGAGGAGACTTTCATAATGATTAAGAAAATCGGTGTGTTGACAAGCGGCGGTGATGCGCCAGGCATGAACGCCGCAATTCGCGGGGTTGTTCGTTCTGCGCTGACAGAAGGTCTGGAAGTAATGGGTATTTATGACGGCTATCTGGGTCTGTATGAAGACCGTATGGTACAGCTAGACCGTTACAGCGTGTCTGAC,9.731345436490738
CGCGCCTTGACATCGCATCTTTTTGTACCTATAATGTGTGGATAGAGTTCTAGAGAAAGAGTGGAACTACCATAATGATTAAGAAAATCGGTGTGTTGACAAGCGGCGGTGATGCGCCAGGCATGAACGCCGCAATTCGCGGGGTTGTTCGTTCTGCGCTGACAGAAGGTCTGGAAGTAATGGGTATTTATGACGGCTATCTGGGTCTGTATGAAGACCGTATGGTACAGCTAGACCGTTACAGCGTG,11.369993802729953
CGCCTTTACAGCTAGCTCAGTCCTAGGGACTGTGCTAGCATCTTAATCTAGCGGAGGAGACTTTCATAATGCGACATCCTTTAGTGATGGGTAACTGGAAACTGAACGGCAGCCGCCACATGGTTCACGAGCTGGTTTCTAACCTGCGTAAAGAGCTGGCAGGTGTTGCTGGCTGTGCGGTTGCAATCGCACCACCGGAAATGTATATCGATATGGCGAAGCGCGAAGCTGAAGGCAGCCACATCATG,9.249259280618627
CGCGCCTTGACATCGCATCTTTTTGTACCTATAATGTGTGGATAGAGTTCTAGAGAAAGAGTGGAACTACCATAATGCGACATCCTTTAGTGATGGGTAACTGGAAACTGAACGGCAGCCGCCACATGGTTCACGAGCTGGTTTCTAACCTGCGTAAAGAGCTGGCAGGTGTTGCTGGCTGTGCGGTTGCAATCGCACCACCGGAAATGTATATCGATATGGCGAAGCGCGAAGCTGAAGGCAGCCAC,10.620142574182754
CGCGCCTTGACAGCTAGCTCAGTCCTAGGTATAATGCTAGCACGAAATCTTAATCTAGCGGAGGAGACTTTCATAATGACGAATCGTATCTCTCGCCTCAAAACTGCACTGTTTGCCAATACCCGTGAAATCTCGCTGGAGCGGGCGCTGCTTTATACCGCCAGCCATCGGCAAACCGAAGGCGAACCGGTGATATTGCGCCGGGCGAAAGCAACAGCGTATATCCTTGAACATGTTGAAATTTCGAT,11.444150551621533
CGCGCCTTGACATCGCATCTTTTTGTACCTATAATGTGTGGATAGAGTTCTAGAGAAAGAGTGGAACTACCATAATGACGAATCGTATCTCTCGCCTCAAAACTGCACTGTTTGCCAATACCCGTGAAATCTCGCTGGAGCGGGCGCTGCTTTATACCGCCAGCCATCGGCAAACCGAAGGCGAACCGGTGATATTGCGCCGGGCGAAAGCAACAGCGTATATCCTTGAACATGTTGAAATTTCGATT,10.399779443208224
CGCGCCTTGACAGCTAGCTCAGTCCTAGGTATAATGCTAGCACGAAATCTTAATCTAGCGGAGGAGACTTTCATAATGACATCATCCGCCGGACAGCGCATCAGCTGTAACGTTGTGGAAACGCGCCGCGATGATGTGGCGCGCATTTTCAACATTCAGCGTTATTCACTGAATGACGGCGAGGGCATTCGTACGGTGGTCTTTTTTAAAGGCTGTCCGCATCTTTGCCCGTGGTGTGCTAATCCGGA,9.105805869572864
CGCGCCTTGACATCGCATCTTTTTGTACCTATAATGTGTGGATAGAGTTCTAGAGAAAGAGTGGAACTACCATAATGACATCATCCGCCGGACAGCGCATCAGCTGTAACGTTGTGGAAACGCGCCGCGATGATGTGGCGCGCATTTTCAACATTCAGCGTTATTCACTGAATGACGGCGAGGGCATTCGTACGGTGGTCTTTTTTAAAGGCTGTCCGCATCTTTGCCCGTGGTGTGCTAATCCGGAG,8.590691804546267
CGCGCCTTGACAGCTAGCTCAGTCCTAGGTATAATGCTAGCACGAAATCTTAATCTAGCGGAGGAGACTTTCATAATGAACGAACAATATTCCGCATTGCGTAGTAATGTCAGTATGCTCGGCAAAGTGCTGGGAGAAACCATCAAGGATGCGTTGGGAGAACACATTCTTGAACGCGTAGAAACTATCCGTAAGTTGTCGAAATCTTCACGCGCTGGCAATGATGCTAACCGCCAGGAGTTGCTCAC,8.906471493271852
CGCCTTTACAGCTAGCTCAGTCCTAGGGACTGTGCTAGCATCTTAATCTAGCGGAGGAGACTTTCATAATGAACGAACAATATTCCGCATTGCGTAGTAATGTCAGTATGCTCGGCAAAGTGCTGGGAGAAACCATCAAGGATGCGTTGGGAGAACACATTCTTGAACGCGTAGAAACTATCCGTAAGTTGTCGAAATCTTCACGCGCTGGCAATGATGCTAACCGCCAGGAGTTGCTCACCACCTTA,8.547642122583273
CGCGCCTTGACATCGCATCTTTTTGTACCTATAATGTGTGGATAGAGTTCTAGAGAAAGAGTGGAACTACCATAATGAACGAACAATATTCCGCATTGCGTAGTAATGTCAGTATGCTCGGCAAAGTGCTGGGAGAAACCATCAAGGATGCGTTGGGAGAACACATTCTTGAACGCGTAGAAACTATCCGTAAGTTGTCGAAATCTTCACGCGCTGGCAATGATGCTAACCGCCAGGAGTTGCTCACC,9.155449381106434
CGCGCCTTGACAGCTAGCTCAGTCCTAGGTATAATGCTAGCACGAAATCTTAATCTAGCGGAGGAGACTTTCATAATGACTGAACAGGCAACAACAACCGATGAACTGGCTTTCACAAGGCCGTATGGCGAGCAGGAGAAGCAAATTCTTACTGCCGAAGCGGTAGAATTTCTGACTGAGCTGGTGACGCATTTTACGCCACAACGCAATAAACTTCTGGCAGCGCGCATTCAGCAGCAGCAAGATAT,12.301902582055753
CGCCTTTACAGCTAGCTCAGTCCTAGGGACTGTGCTAGCATCTTAATCTAGCGGAGGAGACTTTCATAATGACTGAACAGGCAACAACAACCGATGAACTGGCTTTCACAAGGCCGTATGGCGAGCAGGAGAAGCAAATTCTTACTGCCGAAGCGGTAGAATTTCTGACTGAGCTGGTGACGCATTTTACGCCACAACGCAATAAACTTCTGGCAGCGCGCATTCAGCAGCAGCAAGATATTGATAAC,9.506800832280696
CGCGCCTTGACATCGCATCTTTTTGTACCTATAATGTGTGGATAGAGTTCTAGAGAAAGAGTGGAACTACCATAATGACTGAACAGGCAACAACAACCGATGAACTGGCTTTCACAAGGCCGTATGGCGAGCAGGAGAAGCAAATTCTTACTGCCGAAGCGGTAGAATTTCTGACTGAGCTGGTGACGCATTTTACGCCACAACGCAATAAACTTCTGGCAGCGCGCATTCAGCAGCAGCAAGATATT,11.68998413788741
CGCGCCTTGACAGCTAGCTCAGTCCTAGGTATAATGCTAGCACGAAATCTTAATCTAGCGGAGGAGACTTTCATAATGAAAAACATCAATCCAACGCAGACCGCTGCCTGGCAGGCACTACAGAAACACTTCGATGAAATGAAAGACGTTACGATCGCCGATCTTTTTGCTAAAGACGGCGATCGTTTTTCTAAGTTCTCCGCAACCTTCGACGATCAGATGCTGGTGGATTACTCCAAAAACCGCAT,12.016967118557991
CGCCTTTACAGCTAGCTCAGTCCTAGGGACTGTGCTAGCATCTTAATCTAGCGGAGGAGACTTTCATAATGAAAAACATCAATCCAACGCAGACCGCTGCCTGGCAGGCACTACAGAAACACTTCGATGAAATGAAAGACGTTACGATCGCCGATCTTTTTGCTAAAGACGGCGATCGTTTTTCTAAGTTCTCCGCAACCTTCGACGATCAGATGCTGGTGGATTACTCCAAAAACCGCATCACTGAA,7.860916650482996
CGCGCCTTGACATCGCATCTTTTTGTACCTATAATGTGTGGATAGAGTTCTAGAGAAAGAGTGGAACTACCATAATGAAAAACATCAATCCAACGCAGACCGCTGCCTGGCAGGCACTACAGAAACACTTCGATGAAATGAAAGACGTTACGATCGCCGATCTTTTTGCTAAAGACGGCGATCGTTTTTCTAAGTTCTCCGCAACCTTCGACGATCAGATGCTGGTGGATTACTCCAAAAACCGCATC,12.771376715470307
CGCCTTTACAGCTAGCTCAGTCCTAGGGACTGTGCTAGCATCTTAATCTAGCGGAGGAGACTTTCATAATGAAAAAGATTGCATTTGGCTGTGATCATGTCGGTTTCATTTTAAAACATGAAATAGTGGCACATTTAGTTGAGCGTGGCGTTGAAGTGATTGATAAAGGAACCTGGTCGTCAGAGCGTACTGATTATCCACATTACGCCAGTCAAGTCGCACTGGCTGTTGCTGGCGGAGAGGTTGAT,9.39718690856224
CGCGCCTTGACATCGCATCTTTTTGTACCTATAATGTGTGGATAGAGTTCTAGAGAAAGAGTGGAACTACCATAATGAAAAAGATTGCATTTGGCTGTGATCATGTCGGTTTCATTTTAAAACATGAAATAGTGGCACATTTAGTTGAGCGTGGCGTTGAAGTGATTGATAAAGGAACCTGGTCGTCAGAGCGTACTGATTATCCACATTACGCCAGTCAAGTCGCACTGGCTGTTGCTGGCGGAGAG,11.388108935507633
CGCGCCTTGACAGCTAGCTCAGTCCTAGGTATAATGCTAGCACGAAATCTTAATCTAGCGGAGGAGACTTTCATAATGAAAACGTTAGGTGAATTTATTGTCGAAAAGCAGCACGAGTTTTCTCATGCTACCGGTGAGCTCACTGCTTTGCTGTCGGCAATAAAACTGGGCGCCAAGATTATCCATCGCGATATCAACAAAGCAGGACTGGTTGATATCCTGGGTGCCAGCGGTGCTGAGAACGTGCA,12.256520189841966
CGCCTTTACAGCTAGCTCAGTCCTAGGGACTGTGCTAGCATCTTAATCTAGCGGAGGAGACTTTCATAATGAAAACGTTAGGTGAATTTATTGTCGAAAAGCAGCACGAGTTTTCTCATGCTACCGGTGAGCTCACTGCTTTGCTGTCGGCAATAAAACTGGGCGCCAAGATTATCCATCGCGATATCAACAAAGCAGGACTGGTTGATATCCTGGGTGCCAGCGGTGCTGAGAACGTGCAGGGCGAG,8.941823822990008
CGCGCCTTGACATCGCATCTTTTTGTACCTATAATGTGTGGATAGAGTTCTAGAGAAAGAGTGGAACTACCATAATGAAAACGTTAGGTGAATTTATTGTCGAAAAGCAGCACGAGTTTTCTCATGCTACCGGTGAGCTCACTGCTTTGCTGTCGGCAATAAAACTGGGCGCCAAGATTATCCATCGCGATATCAACAAAGCAGGACTGGTTGATATCCTGGGTGCCAGCGGTGCTGAGAACGTGCAG,10.180660931817263
CGCGCCTTGACAGCTAGCTCAGTCCTAGGTATAATGCTAGCACGAAATCTTAATCTAGCGGAGGAGACTTTCATAATGACAAAAGCAACAAAAGAACAAAAATCCCTTGTGAAAAACAGAGGGGCGGAGCTTGTTGTTGATTGCTTAGTGGAGCAAGGTGTCACACATGTATTTGGCATTCCAGGTGCAAAAATTGATGCGGTATTTGACGCTTTACAAGATAAAGGACCTGAAATTATCGTTGCCCG,13.364195077293004
CGCGCCTTGACATCGCATCTTTTTGTACCTATAATGTGTGGATAGAGTTCTAGAGAAAGAGTGGAACTACCATAATGACAAAAGCAACAAAAGAACAAAAATCCCTTGTGAAAAACAGAGGGGCGGAGCTTGTTGTTGATTGCTTAGTGGAGCAAGGTGTCACACATGTATTTGGCATTCCAGGTGCAAAAATTGATGCGGTATTTGACGCTTTACAAGATAAAGGACCTGAAATTATCGTTGCCCGG,10.551636816868813
CGCGCCTTGACAGCTAGCTCAGTCCTAGGTATAATGCTAGCACGAAATCTTAATCTAGCGGAGGAGACTTTCATAATGCCGTCAAGTACGATCAATAACATGACTAATGGAGATAATCTCGCACAGATCGGCGTTGTAGGCCTAGCAGTAATGGGCTCAAACCTCGCCCGCAACTTCGCCCGCAACGGCAACACTGTCGCTGTCTACAACCGCAGCACTGACAAAACCGACAAGCTCATCGCCGATCA,8.188638230093549
CGCCTTTACAGCTAGCTCAGTCCTAGGGACTGTGCTAGCATCTTAATCTAGCGGAGGAGACTTTCATAATGCCGTCAAGTACGATCAATAACATGACTAATGGAGATAATCTCGCACAGATCGGCGTTGTAGGCCTAGCAGTAATGGGCTCAAACCTCGCCCGCAACTTCGCCCGCAACGGCAACACTGTCGCTGTCTACAACCGCAGCACTGACAAAACCGACAAGCTCATCGCCGATCACGGCTCC,8.515970773067279
CGCGCCTTGACATCGCATCTTTTTGTACCTATAATGTGTGGATAGAGTTCTAGAGAAAGAGTGGAACTACCATAATGCCGTCAAGTACGATCAATAACATGACTAATGGAGATAATCTCGCACAGATCGGCGTTGTAGGCCTAGCAGTAATGGGCTCAAACCTCGCCCGCAACTTCGCCCGCAACGGCAACACTGTCGCTGTCTACAACCGCAGCACTGACAAAACCGACAAGCTCATCGCCGATCAC,10.601436185029838
CGCGCCTTGACAGCTAGCTCAGTCCTAGGTATAATGCTAGCACGAAATCTTAATCTAGCGGAGGAGACTTTCATAATGAGCACAAACACGACCCCCTCCAGCTGGACAAACCCACTGCGCGACCCGCAGGATAAACGACTCCCCCGCATCGCTGGCCCTTCCGGCATGGTGATCTTCGGTGTCACTGGCGACTTGGCTCGAAAGAAGCTGCTCCCCGCCATTTATGATCTAGCAAACCGCGGATTGCT,10.308546084735903
CGCCTTTACAGCTAGCTCAGTCCTAGGGACTGTGCTAGCATCTTAATCTAGCGGAGGAGACTTTCATAATGAGCACAAACACGACCCCCTCCAGCTGGACAAACCCACTGCGCGACCCGCAGGATAAACGACTCCCCCGCATCGCTGGCCCTTCCGGCATGGTGATCTTCGGTGTCACTGGCGACTTGGCTCGAAAGAAGCTGCTCCCCGCCATTTATGATCTAGCAAACCGCGGATTGCTGCCCCCA,8.110681899723819
CGCGCCTTGACATCGCATCTTTTTGTACCTATAATGTGTGGATAGAGTTCTAGAGAAAGAGTGGAACTACCATAATGAGCACAAACACGACCCCCTCCAGCTGGACAAACCCACTGCGCGACCCGCAGGATAAACGACTCCCCCGCATCGCTGGCCCTTCCGGCATGGTGATCTTCGGTGTCACTGGCGACTTGGCTCGAAAGAAGCTGCTCCCCGCCATTTATGATCTAGCAAACCGCGGATTGCTG,11.98587567129074
CGCGCCTTGACAGCTAGCTCAGTCCTAGGTATAATGCTAGCACGAAATCTTAATCTAGCGGAGGAGACTTTCATAATGCCGTCTGCTGAATCTATGACCCCGTCTTCTGCTCTGGGTCAGCTGAAAGCTACCGGTCAGCACGTTCTGTCTAAACTGCAGCAGCAGACCTCTAACGCTGACATCATCGACATCCGTCGTGTTGCTGTTGAAATCAACCTGAAAACCGAAATCACCTCTATGTTCCGTCC,10.26372970849149
CGCGCCTTGACAGCTAGCTCAGTCCTAGGTATAATGCTAGCACGAAATCTTAATCTAGCGGAGGAGACTTTCATAATGGTTGCTACCACCGTTGAACTGCCGCTGCAGCAGAAAGCTGACGCTGCTCAGACCGTTACCGGTCCGCTGCCGTTCGGTAACTCTCTGCTGAAAGAATTCGTTCTGGACCCGGCTTACCGTAACCTGAACCATGGCAGCTTCGGTACCATCCCATCTGCTATCCAGCAGAA,9.101368271100556
CGCGCCTTGACAGCTAGCTCAGTCCTAGGTATAATGCTAGCACGAAATCTTAATCTAGCGGAGGAGACTTTCATAATGGAAGCGGCGCGCAGCCATCCGGAACCGATTCAGAGCGGCGAAGTGAGCGATCGCAAAGCGTGGCAGCGCCATTATCGCGCGGTGCGCGCGGTGAGCGAAGCGATTTGTCAGCCGCTGGAAACCGAAGATTATGTGGTGCAGCCGATGCCGGATGTGAGCCCGCCGAAATG,9.465065685830806
CGCGCCTTGACAGCTAGCTCAGTCCTAGGTATAATGCTAGCACGAAATCTTAATCTAGCGGAGGAGACTTTCATAATGACCCTGAGCCTGGCGAATTATCTGGCCGCGGATAGCGCCGCGGAAGCGCTGCGCCGCGATGTGCGTGCCGGCTTAACCGCGGCGCCGAAAAGCCTGCCGCCGAAATGGTTTTATGATGCGGTGGGCAGCGATCTGTTTGATCAGATTACCCGCCTGCCGGAATATTATCC,11.017933506722846
CGCGCCTTGACAGCTAGCTCAGTCCTAGGTATAATGCTAGCACGAAATCTTAATCTAGCGGAGGAGACTTTCATAATGCTGGCGCAGCAGTGGCGCGATGCGCGCCCGAAAGTGGCGGGCCTGCATCTGGATAGCGGCGCGTGCAGCCGTCAGAGCTTTGCGGTGATCGATGCGACCACCGCGCATGCGCGCCATGAAGCGGAAGTGGGCGGTTATGTGGCGGCGGAAGCGGCCACCCCGGCGCTGGA,9.29888570850631
CGCGCCTTGACAGCTAGCTCAGTCCTAGGTATAATGCTAGCACGAAATCTTAATCTAGCGGAGGAGACTTTCATAATGGGATCCATGTCGAAGGGCGAGGAGCTGTTCACCGGCGTCGTCCCGATCCTGGTCGAGCTGGACGGTGACGTCAACGGCCACAAGTTCTCCGTCTCCGGCGAGGGTGAGGGCGACGCCACCTACGGCAAGCTGACCCTGAAGTTCATCTGCACCACCGGTAAGCTGCCGGT,10.409608959001984
CGCCTTTACAGCTAGCTCAGTCCTAGGGACTGTGCTAGCATCTTAATCTAGCGGAGGAGACTTTCATAATGGGATCCATGTCGAAGGGCGAGGAGCTGTTCACCGGCGTCGTCCCGATCCTGGTCGAGCTGGACGGTGACGTCAACGGCCACAAGTTCTCCGTCTCCGGCGAGGGTGAGGGCGACGCCACCTACGGCAAGCTGACCCTGAAGTTCATCTGCACCACCGGTAAGCTGCCGGTCCCGTGG,8.60700252043015
CGCGCCTTGACATCGCATCTTTTTGTACCTATAATGTGTGGATAGAGTTCTAGAGAAAGAGTGGAACTACCATAATGGGATCCATGTCGAAGGGCGAGGAGCTGTTCACCGGCGTCGTCCCGATCCTGGTCGAGCTGGACGGTGACGTCAACGGCCACAAGTTCTCCGTCTCCGGCGAGGGTGAGGGCGACGCCACCTACGGCAAGCTGACCCTGAAGTTCATCTGCACCACCGGTAAGCTGCCGGTC,8.519434354044469
